<?xml version="1.0" encoding="UTF-8"?>
<project-private xmlns="http://www.netbeans.org/ns/project-private/1">
    <editor-bookmarks xmlns="http://www.netbeans.org/ns/editor-bookmarks/2" lastBookmarkId="0"/>
    <open-files xmlns="http://www.netbeans.org/ns/projectui-open-files/2">
        <group>
            <file>file:/C:/Users/vikra/OneDrive/Documents/NetBeansProjects/uhcl_email/src/uhcl_email/create_email_account.java</file>
            <file>file:/C:/Users/vikra/OneDrive/Documents/NetBeansProjects/uhcl_email/src/uhcl_email/login_account.java</file>
            <file>file:/C:/Users/vikra/OneDrive/Documents/NetBeansProjects/uhcl_email/src/uhcl_email/DateAndTime.java</file>
            <file>file:/C:/Users/vikra/OneDrive/Documents/NetBeansProjects/uhcl_email/src/uhcl_email/welcome.java</file>
            <file>file:/C:/Users/vikra/OneDrive/Documents/NetBeansProjects/uhcl_email/src/uhcl_email/email_account.java</file>
            <file>file:/C:/Users/vikra/OneDrive/Documents/NetBeansProjects/uhcl_email/src/uhcl_email/Uhcl_email.java</file>
        </group>
    </open-files>
</project-private>
